text,label
https://github.com/ps3mediaserver/ps3mediaserver/blob/348ff78a17ab0a207b85ce7d73a468d852011fc4/pom.xml#L85,1
https://github.com/yegor256/netbout/blob/e709e0d5ddb2a8ed90e025f9885f085dc8e93ad1/netbout-client/pom.xml#L199,1
https://github.com/yegor256/netbout/blob/e709e0d5ddb2a8ed90e025f9885f085dc8e93ad1/netbout-web/pom.xml#L603,1
https://github.com/yegor256/netbout/blob/e709e0d5ddb2a8ed90e025f9885f085dc8e93ad1/netbout-client/pom.xml#L191,1
https://github.com/codice/ddf/blob/6abc58070c3ce38761070f4ef06c509dd584555e/catalog/transformer/catalog-transformer-pptx/pom.xml#L195,1
https://github.com/apache/felix/blob/437f0ee97c44ea0141c6cdaa6cdf5b200e3a5ff8/jmood/pom.xml#L104,1
https://github.com/OpenGrok/OpenGrok/blob/9ce52a219b9e5772102d1fdfcfd7c3c672a332b4/opengrok-indexer/pom.xml#L339,1
https://github.com/broadgsa/gatk-protected/blob/aa8764d6c3de146856b174a8674fa787a6311d7c/pom.xml#L268,1
https://github.com/cismet/verdis/blob/c7ebb466bcbc8952a2153cae5994e289dfd47d03/pom.xml#L560,1
https://github.com/apache/stanbol/blob/2fcf471b467fb84e59491f4c54ba0a95924ab04a/data/sites/dbpedia/pom.xml#L120,1
https://github.com/apache/stanbol/blob/2fcf471b467fb84e59491f4c54ba0a95924ab04a/data/sites/entity-coref-dbpedia/pom.xml#L115,1
https://github.com/apache/stanbol/blob/2fcf471b467fb84e59491f4c54ba0a95924ab04a/data/opennlp/ner/en/pom.xml#L105,1
https://github.com/hopshadoop/hops/blob/52957d185cf96136712b00bee99839df49d2506c/hadoop-common-project/hadoop-common/pom.xml#L484,1
https://github.com/griddynamics/yhadoop-common/blob/9f7dc6aeeb95f3ccc5b11359bdeead0e7437999d/hadoop-common-project/hadoop-common/pom.xml#L412,1
https://github.com/apache/royale-compiler/blob/522cd0ef61a11474cf80578f7f317cc9354b9be1/pom.xml#L361,1
https://github.com/capitalone/Hygieia/blob/661e59bf62073026206626fb4fee6bb26b70e5a7/hygieia-jenkins-plugin/pom.xml#L81,1
https://github.com/opendaylight/bgpcep/blob/310f15691a6235382a40320faaca6e5a6e3a4484/pcep/ietf-stateful07/pom.xml#L66,1
https://github.com/apache/storm/blob/b48e10559b65e834884d59887b30fc86d2988c20/pom.xml#L375,1
https://github.com/resteasy/Resteasy/blob/63862e7e5b109d56227a9450fd1dc209cc926597/resteasy-core-spi/pom.xml#L67,1
https://github.com/batfish/batfish/blob/2529813609dd406ff2d708e8296374a6824df213/projects/batfish/pom.xml#L67,1
https://github.com/broadgsa/gatk/blob/41147a655594c2aae6e2cad8462bd1648570b32b/public/package-tests/pom.xml#L63,1
https://github.com/RWTH-i5-IDSG/steve/blob/21cfb52f48b7977dd48235677c5eccb2672d2e9f/pom.xml#L269,1
https://github.com/hawtio/hawtio/blob/1538c3e9fb2ed76bacea75fe90a6028d9d6dfcab/pom.xml#L286,1
https://github.com/jboss-fuse/fabric8/blob/0ef78edb8a2706c8b66cbe631ec0993d450b079f/security/pom.xml#L40,1
https://github.com/google/closure-compiler/blob/3eab35a00c42646b44f9cd06ddd6cc15919dacca/pom.xml#L86,1
https://github.com/joyent/java-manta/blob/e2010fa208505a472554602b4191791bbf6c0129/java-manta-client/pom.xml#L267,1
https://github.com/IKANOW/Aleph2-contrib/blob/7aefd95ec6ee3e18dc3a91dbca4a4f938b22e477/aleph2_storm_dependencies/pom.xml#L36,1
https://github.com/IKANOW/Aleph2/blob/ab95d544e9f5a5423bf916763ca7c23ab0a0e5e5/aleph2_data_import_manager/pom.xml#L56,1
https://github.com/wildfly-security/wildfly-elytron/blob/ecc036a3be6d32414d595de75180eaa08acc370b/wildfly-elytron-titan/pom.xml#L384,1
https://github.com/java-native-access/jna/blob/b0a6e17b082ce0d35426c4419ab1c183d3f55b4b/parent/pom.xml#L53,1
https://github.com/Desy-extern/cs-studio/blob/56c6142b233fb3571dc7ab5ab8cc3b9f0b22ee00/core/plugins/org.csstudio.platform.libs.hibernate/project/cache-infinispan/pom.xml#L54,1
https://github.com/svn2github/ehcache/blob/4365fc6cc87516344e95688c368d6a3d2cebbe5a/branches/greg-writebehind/pom.xml#L290,1
https://github.com/svn2github/ehcache/blob/4365fc6cc87516344e95688c368d6a3d2cebbe5a/branches/ehcache-1.2.0_01/pom.xml#L276,1
https://github.com/easysoa/EasySOA-Incubation/blob/4bed63fde03e91d53eaa2c266de1126730dbf6d5/easysoa-registry-v1/easysoa-registry-integration-base/pom.xml#L145,1
https://github.com/zanata/zanata-platform/blob/68c80db891bc816f737fbfd1c77b6f68fb295143/common/zanata-adapter-properties/pom.xml#L13,1
https://github.com/apache/maven-plugins/blob/a007e769ed5825774d5c31ec06c0013c8ee2b4d4/maven-site-plugin/src/it/MSITE-159/pom.xml#L50,1
https://github.com/apache/incubator-systemml/blob/330635e7f42dcd0036b7d1b529be530607f4dc81/pom.xml#L411,1
https://github.com/rhuss/jolokia/blob/dc95e7bef859b1829776c5a84c8f7738f5d7d9c3/client/java/pom.xml#L60,1
https://github.com/dblock/waffle/blob/5faad77a474515ed345a48f7b6c0595921a4bab4/Source/JNA/pom.xml#L217,1
https://github.com/wildfly/wildfly/blob/d550882eb6d677947a356d8a911061b15dc1a60e/testsuite/integration/basic/pom.xml#L638,1
https://github.com/wildfly/wildfly/blob/d550882eb6d677947a356d8a911061b15dc1a60e/testsuite/integration/ws/pom.xml#L251,1
https://github.com/eclipse/elk/blob/14f76ac18bfee19e8711a3d4d73e291953c612cf/plugins/org.eclipse.elk.alg.spore/pom.xml#L67,1
https://github.com/confluentinc/kafka-rest/blob/f0647c35d36cc44369843c29df2178e55b667663/kafka-rest-scala-consumer/pom.xml#L59,1
https://github.com/xwiki/xwiki-platform/blob/c4b95794f35f6ffc3c9cf18454a0a292c51645db/xwiki-platform-core/xwiki-platform-menu/xwiki-platform-menu-test/xwiki-platform-menu-test-docker/pom.xml#L45,1
https://github.com/joyent/java-manta/blob/e2010fa208505a472554602b4191791bbf6c0129/java-manta-it/pom.xml#L225,1
https://github.com/soluvas/soluvas-framework/blob/ff6c006766faf704704da93b5394b1aab33ad931/couchdb/pom.xml#L20,1
https://github.com/paawak/blog/blob/b058eb0bdf03008d454cabd70048ed51638c43c3/code/SpringMVCWithFlex/ims-core/pom.xml#L37,1
https://github.com/apache/camel/blob/32e7f9251f0329caf86aaff8abf7c06b5b32b3f8/components/camel-spring/pom.xml#L142,1
https://github.com/apache/archiva/blob/d1242030bf232c0d9b68e4402188ee261924bf4b/archiva-modules/archiva-base/archiva-consumers/archiva-core-consumers/pom.xml#L36,1
https://github.com/konigio/konig/blob/ce28d4b11180c2dc32376ea501e66e14ed3840e8/konig-ldp-maven-plugin/pom.xml#L15,1
https://github.com/jodogne/OrthancMirror/blob/a49b76f13849565b00594f6cf3da53f03519d2c9/Resources/Testing/Issue32/Java/pom.xml#L12,1
https://github.com/konigio/konig/blob/ce28d4b11180c2dc32376ea501e66e14ed3840e8/konig-maven-diff/pom.xml#L16,1
https://github.com/NGDATA/lilyproject/blob/15150a5c1ee2241bf55cbe4d4ea3f7f07275a529/dist/pom.xml#L42,1
https://github.com/geoadmin/geocat/blob/a6e7cb0d7974e7dda6ba0bbdf4876e0594a92acc/pom.xml#L781,1
https://github.com/dana-i2cat/opennaas/blob/5bc2f25208d6030e4f5cceb9c2556102def6b3ea/itests/roadm/pom.xml#L60,1
https://github.com/spring-cloud/spring-cloud-cli/blob/a84de9c4dcd4eacf4579dcd355024da3a83b31fb/spring-cloud-launcher/pom.xml#L28,1
https://github.com/vaadin/framework/blob/e788dae27aaf99f8a6956dcde6eb95f2d1d5c38f/test/servlet-containers/liberty-microprofile/pom.xml#L41,1
https://github.com/collectionspace/services/blob/784469229ecf4337c0b415943e2ac5386a4bf377/services/batch/service/pom.xml#L74,1
https://github.com/sarl/sarl/blob/ca00ff994598c730339972def4e19a60e0b8cace/main/externalmaven/io.sarl.maven.docs.generator/pom.xml#L50,1
https://github.com/opendaylight/yangtools/blob/863dac29ad3cd6fa759ce4f10bacbc74e7976d80/docs/pom.xml#L295,1
https://github.com/opendaylight/odlparent/blob/f6962f0eecba4d0626d55c0bfc3cb9bfface70df/odlparent/pom.xml#L44,1
https://github.com/sarl/sarl/blob/ca00ff994598c730339972def4e19a60e0b8cace/tycho-parent/tycho-parent-ui/pom.xml#L38,1
https://github.com/opendaylight/controller/blob/0b283e62a5872be1960635d5d6c4d301b1f87df2/opendaylight/md-sal/sal-dom-broker/pom.xml#L81,1
https://github.com/GoogleCloudPlatform/java-docs-samples/blob/742c3644884f961f23dce51715bee74ec6f1a334/flexible/pubsub/pom.xml#L43,1
https://github.com/jamesagnew/hapi-fhir/blob/4512c3d89528bc42cda29b4657cdcac7f6298b1a/hapi-fhir-jpaserver-base/pom.xml#L177,1
https://github.com/Narimm/OpenVPMS/blob/b9323779aa29c9ff9e9a40569f4c1db7d287a84f/openvpms-archetypes/pom.xml#L224,1
https://github.com/apache/camel/blob/32e7f9251f0329caf86aaff8abf7c06b5b32b3f8/parent/pom.xml#L5346,1
https://github.com/OpenRock/OpenAM/blob/02b057e94c4ab35c0776747e173f59ee7c6d09f8/openam-ui/openam-ui-ria/pom.xml#L128,1
https://github.com/MPDL/INGe/blob/fa81ff241851e3bab11256c8c78b92ac349d2a95/pom.xml#L709,1
https://github.com/xwiki/xwiki-platform/blob/c4b95794f35f6ffc3c9cf18454a0a292c51645db/xwiki-platform-core/xwiki-platform-scheduler/xwiki-platform-scheduler-ui/pom.xml#L42,1
https://github.com/soluvas/soluvas-framework/blob/ff6c006766faf704704da93b5394b1aab33ad931/image/pom.xml#L29,1
https://github.com/wso2/product-greg/blob/2ed74d2357882ac55b15ed4df654dc69de2cb554/modules/distribution/pom.xml#L842,1
https://github.com/NGDATA/lilyproject/blob/15150a5c1ee2241bf55cbe4d4ea3f7f07275a529/pom.xml#L888,1
https://github.com/svn2github/cytoscape/blob/a3df8f63dba4ec49942027c91ecac6efa920c195/core3/gui-distribution/tags/gui-distribution-3.0.0-M3-try1/startlevel-3/pom.xml#L104,1
https://github.com/svn2github/cytoscape/blob/a3df8f63dba4ec49942027c91ecac6efa920c195/core3/gui-distribution/branches/no-spring/startlevel-3/pom.xml#L106,1
https://github.com/JanusGraph/janusgraph/blob/b22bf6da38557e12393315627e2d01509738f3e5/janusgraph-cassandra/pom.xml#L62,1
https://github.com/infraling/atomic/blob/a177086e8e64f02bdbd83d4b452b2a4b524ad430/plugins/org.corpus-tools.atomic.logging/META-INF/maven/org.apache.logging.log4j/log4j-api/pom.xml#L165,1
https://github.com/apache/logging-log4j2/blob/efe06ddfaf7d3b5a2659be6b9f1af4b9a5a3bc95/log4j-api/pom.xml#L279,1
https://github.com/apache/logging-log4j2/blob/efe06ddfaf7d3b5a2659be6b9f1af4b9a5a3bc95/log4j-jdbc/pom.xml#L161,1
https://github.com/apache/logging-log4j2/blob/efe06ddfaf7d3b5a2659be6b9f1af4b9a5a3bc95/log4j-jeromq/pom.xml#L111,1
https://github.com/uber/tchannel-java/blob/009cf1e6decc9bbd2daf90eb3401b13c03bfc7e1/pom.xml#L375,1
https://github.com/querydsl/querydsl/blob/2bf234caf78549813a1e0f44d9c30ecc5ef734e3/querydsl-jdo/pom.xml#L169,1
https://github.com/xwiki/xwiki-platform/blob/c4b95794f35f6ffc3c9cf18454a0a292c51645db/xwiki-platform-core/xwiki-platform-mail/xwiki-platform-mail-send/xwiki-platform-mail-send-default/pom.xml#L86,1
https://github.com/GoogleCloudPlatform/cloud-bigtable-examples/blob/ed4834dcea47755297c94df7c9e2cf0690a33899/java/simple-performance-test/pom.xml#L34,1
https://github.com/GluuFederation/oxd/blob/fe43d556cc547cb62bdcd2c919c192a48872c942/oxd-common/pom.xml#L74,1
https://github.com/apache/camel/blob/32e7f9251f0329caf86aaff8abf7c06b5b32b3f8/components/camel-blueprint/pom.xml#L310,1
https://github.com/apache/camel/blob/32e7f9251f0329caf86aaff8abf7c06b5b32b3f8/components/camel-hbase/pom.xml#L353,1
https://github.com/SonarSource/orchestrator/blob/8aac5d18ed3518ea6e7f9a15eed8919c01e42f40/pom.xml#L56,1
https://github.com/exoplatform/wiki/blob/3636d7f355774c30128911fb029ad95dae84852a/wiki-webapp/pom.xml#L203,1
https://github.com/apache/ambari/blob/9236f4ab966f40d93e27c44f9078bb204a6c591a/contrib/views/pig/pom.xml#L210,1
https://github.com/OSEHRA/ISAAC/blob/b4abff6686be95df430f3d00b60c6298d9f5f646/integration/db-builder/pom.xml#L237,1
https://github.com/OSEHRA/ISAAC/blob/b4abff6686be95df430f3d00b60c6298d9f5f646/integration/db-config-builder/src/main/resources/diffProjectTemplate/pom.xml#L228,1
https://github.com/xwiki/xwiki-platform/blob/c4b95794f35f6ffc3c9cf18454a0a292c51645db/xwiki-platform-core/xwiki-platform-flamingo/xwiki-platform-flamingo-skin/xwiki-platform-flamingo-skin-test/xwiki-platform-flamingo-skin-test-docker/pom.xml#L39,1
https://github.com/wso2-attic/tools/blob/a60a1a45b65c888e0f9fcfa37d7a2c60c2b09b56/ide/eclipse/features/installed-distributions/developer-studio-eclipse-jee-juno-linux-gtk/pom.xml#L387,1
https://github.com/apache/oodt/blob/bc82180d264bbbfa3a36056d237aab732c8ed9b8/core/pom.xml#L554,1
https://github.com/apache/commons-codec/blob/93630178dd60bf3949adc642e780aa837a2add6c/pom.xml#L288,1
https://github.com/unicesi/amelia/blob/bdcf4a0b38da4fceb4d2ef870c4a0a2a3ed540e4/plugins/org.amelia.dsl.ide/pom.xml#L59,1
https://github.com/ceylon/ceylon-ide-eclipse/blob/6ba97ce992f30f94b8891781f835597f75a8373b/tests/pom.xml#L35,1
https://github.com/ceylon/ceylon-ide-eclipse/blob/6ba97ce992f30f94b8891781f835597f75a8373b/tests/pom.xml#L117,1
https://github.com/diirt/diirt/blob/5baa4d15c546c6df10356a266837a0622b56e423/util/pom.xml#L35,1
https://github.com/hopshadoop/hops/blob/52957d185cf96136712b00bee99839df49d2506c/hadoop-yarn-project/hadoop-yarn/hadoop-yarn-server/hadoop-yarn-server-nodemanager/pom.xml#L196,1
https://github.com/geotools/geotools/blob/9449b4d433b19dbf25e3612600bb6979987e158a/pom.xml#L1806,1
https://github.com/Sotera/graphene/blob/3a17829f312ffe08b3c0a20232c28d6cfdfa9296/graphene-parent/graphene-admin/pom.xml#L114,1
https://github.com/RoboZonky/robozonky/blob/bcd4fdf5ad1e4101c1772d7b367e3993cc03b2d9/robozonky-api/pom.xml#L135,1
https://github.com/exoplatform/exogtn/blob/ea429e93dc38d8545fcde6421ac7ecdf92b5db0a/web/rest/pom.xml#L48,1
https://github.com/apache/tika/blob/8e6cf38407e72c9f254aa923b47eff61f10a7c75/tika-server/pom.xml#L207,1
https://github.com/apache/usergrid/blob/ac1e6e4035f9307b871478ed47246cf92cfd5f7f/stack/mongo-emulator/pom.xml#L113,1
https://github.com/apache/usergrid/blob/ac1e6e4035f9307b871478ed47246cf92cfd5f7f/stack/tools/pom.xml#L177,1
https://github.com/Narimm/OpenVPMS/blob/b9323779aa29c9ff9e9a40569f4c1db7d287a84f/openvpms-plugins/openvpms-plugin-manager-impl/pom.xml#L88,1
https://github.com/Talend/tmdm-common/blob/e7e26cd84c9af3b1eedf3b0c9b2d3e3d16e5424f/org.talend.mdm.base/pom.xml#L978,1
https://github.com/mff-uk/DPUs/blob/ece7139c6ae0fead05369f7ef217aa629951e1fd/dpu-domain-specific/legislation-decisions-unzipper/Legislation_Decisions_Unzipper-0.0.1/META-INF/maven/cz.cuni.xrg.intlib/Legislation_Decisions_Unzipper/pom.xml#L25,1
https://github.com/OpenRock/OpenAM/blob/02b057e94c4ab35c0776747e173f59ee7c6d09f8/openam-authentication/openam-auth-nt/pom.xml#L68,1
https://github.com/OpenRock/OpenAM/blob/02b057e94c4ab35c0776747e173f59ee7c6d09f8/openam-authentication/openam-auth-securid/pom.xml#L68,1
https://github.com/OpenRock/OpenAM/blob/02b057e94c4ab35c0776747e173f59ee7c6d09f8/openam-rest/pom.xml#L68,1
https://github.com/OpenRock/OpenAM/blob/02b057e94c4ab35c0776747e173f59ee7c6d09f8/openam-clientsdk/pom.xml#L530,1
https://github.com/rhq-project/rhq/blob/868989acac74c193465e85df85ab452ebe150717/modules/plugins/pattern-generator/pom.xml#L145,1
https://github.com/apache/bigtop/blob/0259005384ed1951ded6c140b1e3cf4d088344df/bigtop-bigpetstore/bigpetstore-mapreduce/pom.xml#L152,1
https://github.com/ikasanEIP/ikasan/blob/22a5794470fd1a9665a73ea096b7566b2e54c1b7/ikasaneip/pom.xml#L288,1
https://github.com/geoadmin/geocat/blob/a6e7cb0d7974e7dda6ba0bbdf4876e0594a92acc/pom.xml#L756,1
https://github.com/apache/cxf-fediz/blob/d2a8c133c902ad1b5160d7e86126e5a21dbd5670/pom.xml#L407,1
https://github.com/easysoa/EasySOA-Incubation/blob/4bed63fde03e91d53eaa2c266de1126730dbf6d5/easysoa-samples/easysoa-samples-axxx/axxx-dps-apv/pom.xml#L25,1
https://github.com/easysoa/EasySOA-Incubation/blob/4bed63fde03e91d53eaa2c266de1126730dbf6d5/easysoa-samples/easysoa-samples-axxx/axxx-dps-apv/pom.xml#L26,1
https://github.com/easysoa/EasySOA/blob/8706aadb105fa1b80b4383aac6b87401ecb91fc7/easysoa-proxy/easysoa-proxy-core/easysoa-proxy-web/pom.xml#L465,1
https://github.com/europeana/Europeana-Cloud/blob/89ddec74c53ca68466ff769856c6579e4a079e52/service/dps/kafka-service/pom.xml#L32,1
https://github.com/apache/mahout/blob/847d35957e8f99564497fbe8a8a92bb9dd68754c/core/pom.xml#L87,1
https://github.com/apache/mahout/blob/847d35957e8f99564497fbe8a8a92bb9dd68754c/engine/hdfs/pom.xml#L211,1
https://github.com/apache/flume/blob/7d3396f26dc1541e9d2a540d50d15a15c38acb74/flume-ng-sinks/flume-irc-sink/pom.xml#L34,1
https://github.com/apache/flume/blob/7d3396f26dc1541e9d2a540d50d15a15c38acb74/flume-ng-sinks/flume-ng-hbase2-sink/pom.xml#L25,1
https://github.com/apache/flume/blob/7d3396f26dc1541e9d2a540d50d15a15c38acb74/flume-ng-node/pom.xml#L35,1
https://github.com/apache/flume/blob/7d3396f26dc1541e9d2a540d50d15a15c38acb74/flume-ng-sources/flume-jms-source/pom.xml#L34,1
https://github.com/apache/flume/blob/7d3396f26dc1541e9d2a540d50d15a15c38acb74/flume-ng-sinks/flume-ng-elasticsearch-sink/pom.xml#L28,1
https://github.com/apache/flume/blob/7d3396f26dc1541e9d2a540d50d15a15c38acb74/flume-ng-sources/flume-scribe-source/pom.xml#L34,1
https://github.com/apache/flume/blob/7d3396f26dc1541e9d2a540d50d15a15c38acb74/flume-ng-sinks/flume-ng-morphline-solr-sink/pom.xml#L32,1
https://github.com/zanata/zanata-platform/blob/68c80db891bc816f737fbfd1c77b6f68fb295143/parent/pom.xml#L1008,1
https://github.com/apache/incubator-brooklyn/blob/337a5d22d5e9c98cc96ea1085383cbed1ee0b741/brooklyn-dist/dist/pom.xml#L47,1
https://github.com/swagger-api/swagger-core/blob/ba2d7f7c419bf3542d742bfa51d8c9be4b11fce1/modules/swagger-core/pom.xml#L145,1
https://github.com/apache/stanbol/blob/2fcf471b467fb84e59491f4c54ba0a95924ab04a/launchers/mini-war/pom.xml#L110,1
https://github.com/apache/cayenne/blob/933e42f40b3a09e074d5297fcd62d97add6efdca/pom.xml#L1016,1
https://github.com/mulesoft/mule-http-connector/blob/6555accb255f901f32bcd184311a1455df2a2433/pom.xml#L8,1
https://github.com/apache/mina-sshd/blob/e068e1cdbfccc5a36ef27a687af95552af4b863a/sshd-netty/pom.xml#L188,1
https://github.com/rhq-project/rhq/blob/868989acac74c193465e85df85ab452ebe150717/modules/pom.xml#L223,1
https://github.com/sergueik/selenium_java/blob/0e1cd763404ead636625069952504b2056ea30d2/multijob-plugin/pom.xml#L94,1
https://github.com/easysoa/EasySOA-Incubation/blob/4bed63fde03e91d53eaa2c266de1126730dbf6d5/easysoa-samples/easysoa-samples-axxx/axxx-dcv-pivotal/pom.xml#L29,1
https://github.com/easysoa/EasySOA-Incubation/blob/4bed63fde03e91d53eaa2c266de1126730dbf6d5/easysoa-registry-v1/pom.xml#L203,1
https://github.com/opendaylight/odlparent/blob/f6962f0eecba4d0626d55c0bfc3cb9bfface70df/odlparent/pom.xml#L1366,1
https://github.com/hibernate/hibernate-ogm/blob/9ea971df7c27277029006a6f748d8272fb1d69d2/bom/pom.xml#L397,1
https://github.com/OpenRock/OpenIDM/blob/f469cad18932786e1db610d6134f90b9002181c4/openidm-workflow-activiti/pom.xml#L177,1
https://github.com/OpenRock/OpenIDM/blob/f469cad18932786e1db610d6134f90b9002181c4/openidm-script/pom.xml#L71,1
https://github.com/forge/core/blob/e140eb03bbe2b3409478ad70c86c3edbef6d9a0c/javaee/tests/pom.xml#L14,1
https://github.com/OpenRock/OpenAM/blob/02b057e94c4ab35c0776747e173f59ee7c6d09f8/openam-rest/pom.xml#L121,1
https://github.com/OsgiliathEnterprise/net.osgiliath.parent/blob/76bbcc0168d2c884a31a47bfadb8ca6aade1cd47/net.osgiliath.framework/net.osgiliath.wrappers/net.osgiliath.wrapper.spring-batch-core/pom.xml#L62,1
https://github.com/infinispan/infinispan/blob/a429694a98d931ef5e6b6b76e5016a1e91b008c9/build-configuration/bom/pom.xml#L387,1
https://github.com/opennetworkinglab/onos/blob/4b2ff04ad8d0b6e72cea9ab7c080ef5a7b1cf1e4/lib/pom.xml#L663,1
https://github.com/thinkaurelius/titan/blob/ee226e52415b8bf43b700afac75fa5b9767993a5/titan-hadoop-parent/titan-hadoop-core/pom.xml#L36,1
https://github.com/yahoo/omid/blob/7d3ad63ef48ab1738e05889bbf30db190f1c0e56/pom.xml#L212,1
https://github.com/apache/phoenix/blob/2e12af8e0d8c58a7ad4178b0476057d02fb1a7a3/pom.xml#L419,1
https://github.com/apache/incubator-brooklyn/blob/337a5d22d5e9c98cc96ea1085383cbed1ee0b741/brooklyn-library/pom.xml#L45,1
https://github.com/apache/incubator-brooklyn/blob/337a5d22d5e9c98cc96ea1085383cbed1ee0b741/pom.xml#L45,1
https://github.com/wildfly/wildfly/blob/d550882eb6d677947a356d8a911061b15dc1a60e/feature-pack/pom.xml#L3443,1
https://github.com/jersey/jersey/blob/faa809da43538ce31076b50f969b4bd64caa5ac9/pom.xml#L301,1
https://github.com/OsgiliathEnterprise/net.osgiliath.parent/blob/76bbcc0168d2c884a31a47bfadb8ca6aade1cd47/net.osgiliath.archetypes/net.osgiliath.archetype.business/src/main/resources/archetype-resources/__rootArtifactId__.spi/pom.xml#L54,1
https://github.com/wildfly/wildfly/blob/d550882eb6d677947a356d8a911061b15dc1a60e/testsuite/integration/multinode/pom.xml#L35,1
https://github.com/eclipse/cdt/blob/480af1ddb10a8b07466809f6ffb175180011a15c/pom.xml#L260,1
https://github.com/RIPE-NCC/whois/blob/4176eafb04036bf971e51e01001f607be5c57ce5/pom.xml#L69,1
https://github.com/sniffy/sniffy/blob/7bdddb9593e6b6e9fe5c7c87519f864acbc3a5c0/pom.xml#L433,1
https://github.com/IQSS/dataverse/blob/501f2729e86a155ce0f5f0ef3237340a25eeeb8c/pom.xml#L811,1
https://github.com/apache/incubator-plc4x/blob/2aff98fbdb96a0e05ed822c6a0ea86c6b33403ba/examples/hello-connectivity-kafka/pom.xml#L113,1
https://github.com/wildfly/wildfly-core/blob/245593b472abf284bbeefb4f46c7170b7651e65d/testsuite/patching/pom.xml#L115,1
https://github.com/wso2/product-apim/blob/b8e9929a5f2ad96c4a36be8ab1ac9915356ddf59/modules/distribution/pom.xml#L1311,1
https://github.com/Talend/tesb-rt-se/blob/6c53c03051e530f22d41b2dcedeb7555b778dd2f/examples/camel/features/pom.xml#L67,1
https://github.com/xwiki/xwiki-commons/blob/651b843480bec9703885167921ce597de9352f52/xwiki-commons-core/xwiki-commons-observation/xwiki-commons-observation-local/pom.xml#L35,1
https://github.com/facebook/presto/blob/91dd2a536f4f3e13ec12edf9e3b225156ab543cb/pom.xml#L1185,1
https://github.com/platformlayer/platformlayer/blob/e7a8cdff2aefa658cb41cffdd8c33d19e3b5bc3c/xaas/webapp/pom.xml#L154,1
https://github.com/podd/podd-redesign/blob/9de075a3d2f0d67db1b96b14397fb198659a5c83/webapp/lib/pom.xml#L159,1
https://github.com/broadgsa/gatk/blob/41147a655594c2aae6e2cad8462bd1648570b32b/public/gatk-root/pom.xml#L645,1
https://github.com/openzipkin/zipkin/blob/b8646142fa15c8c5f47ff2a2a48dc663c7bb65b3/zipkin-server/src/it/minimal-dependencies/pom.xml#L57,1
https://github.com/GeoscienceAustralia/geodesy-web-services/blob/2adf9643e36cbe3cd5733344fa3c2354c144307a/gws-core/pom.xml#L24,1
https://github.com/camunda/camunda-bpm-platform/blob/7aa0c6008939ff9c66c40cbdf60e4897a00b8a02/qa/test-db-instance-migration/test-fixture-73/pom.xml#L141,1
https://github.com/Drombler/drombler-commons/blob/8df31900f2112b3788bc4622cfaf040821a69018/drombler-commons-docking/drombler-commons-docking-fx-context/pom.xml#L116,1
https://github.com/apache/incubator-plc4x/blob/2aff98fbdb96a0e05ed822c6a0ea86c6b33403ba/integrations/apache-kafka/pom.xml#L57,1
https://github.com/rhq-project/rhq/blob/868989acac74c193465e85df85ab452ebe150717/modules/plugins/jboss-as/pom.xml#L24,1
https://github.com/Drombler/drombler-commons/blob/8df31900f2112b3788bc4622cfaf040821a69018/drombler-commons-docking/drombler-commons-docking-fx/pom.xml#L115,1
https://github.com/jersey/jersey/blob/faa809da43538ce31076b50f969b4bd64caa5ac9/examples/osgi-helloworld-webapp/war-bundle/pom.xml#L142,1
https://github.com/psi-probe/psi-probe/blob/4c05958b1a8af0850360fc47deb8ccffa0fab4e0/pom.xml#L375,1
https://github.com/FINRAOS/herd/blob/1ab429c89a05bc4eaf139d4ae9e40fa9b787dca0/herd-code/herd-model-api-15/pom.xml#L134,1
https://github.com/jcstaff/ejava-javaee/blob/b1473e54fbb2cc7c52fa10087092bcce98944c06/securePing/securePingApp/securePingTest/pom.xml#L182,1
https://github.com/SpagoBILabs/SpagoBI/blob/84bb859516da7ffdb34fbe2ef352f08a3f402af3/spagobi-parent/pom.xml#L393,1
https://github.com/apache/incubator-taverna-language/blob/c5c5bfbbc0527a42613145d613043eed8053ebc2/pom.xml#L239,1
https://github.com/xwiki/xwiki-platform/blob/c4b95794f35f6ffc3c9cf18454a0a292c51645db/xwiki-platform-core/xwiki-platform-search/xwiki-platform-search-solr/xwiki-platform-search-solr-api/pom.xml#L39,1
https://github.com/xwiki/xwiki-platform/blob/c4b95794f35f6ffc3c9cf18454a0a292c51645db/xwiki-platform-core/xwiki-platform-xml/xwiki-platform-xml-script/pom.xml#L37,1
https://github.com/xwiki/xwiki-platform/blob/c4b95794f35f6ffc3c9cf18454a0a292c51645db/xwiki-platform-core/xwiki-platform-oldcore/pom.xml#L46,1
https://github.com/apache/archiva/blob/d1242030bf232c0d9b68e4402188ee261924bf4b/archiva-modules/archiva-web/archiva-webdav/pom.xml#L46,1
https://github.com/spring-cloud/spring-cloud-commons/blob/236de036382bbeb1b8812ac038f0f74f7a5adee8/spring-cloud-loadbalancer/pom.xml#L30,1
https://github.com/UnifiedViews/Plugins/blob/fc5898a98a0eb63de940a897b24a4df58ab758ac/t-fusionTool/pom.xml#L55,1
https://github.com/jenkinsci/remoting/blob/ab254bb52de86bfbb411f2b549a3836d4ca83d24/pom.xml#L74,1
https://github.com/EBISPOT/goci/blob/0b7aa783a1e932df160b5a6f121af9e0afbd86e1/goci-parent/pom.xml#L145,1
https://github.com/Axway/ats-framework/blob/86cbb798deae8580fbb584068a0365f89fdc9b87/agent/webapps/jbosscontainer/pom.xml#L27,1
https://github.com/geosdi/geo-platform/blob/613a9fbc1b19137fed322730fce192359af20870/geoplatform-shared/geoplatform-wfs-shared/pom.xml#L51,1
https://github.com/geosdi/geo-platform/blob/613a9fbc1b19137fed322730fce192359af20870/geoplatform-gui/plugin/geoplatform-xmpp/pom.xml#L165,1
https://github.com/geosdi/geo-platform/blob/613a9fbc1b19137fed322730fce192359af20870/geoplatform-gui/core/geoplatform-widget/security-widget/pom.xml#L117,1
https://github.com/geosdi/geo-platform/blob/613a9fbc1b19137fed322730fce192359af20870/geoplatform-gui/core/geoplatform-widget/layer-widget/pom.xml#L233,1
https://github.com/geosdi/geo-platform/blob/613a9fbc1b19137fed322730fce192359af20870/geoplatform-gui/core/geoplatform-memento-persistence/pom.xml#L137,1
https://github.com/droolsjbpm/drools/blob/40087a4eb79a10847c18f6ad95976117c6ecba95/kie-pmml/pom.xml#L165,1
https://github.com/xwiki/xwiki-platform/blob/c4b95794f35f6ffc3c9cf18454a0a292c51645db/xwiki-platform-core/xwiki-platform-web/pom.xml#L38,1
https://github.com/adangel/pmd/blob/c4fafeeb62ce013aeadae6167d72597401f8e3a0/pom.xml#L462,1
https://github.com/opendaylight/lispflowmapping/blob/3c73defbc882b42de41b43ac2a3b35592e216157/commons/parent/pom.xml#L275,1
https://github.com/radargun/radargun/blob/265795ca9e5082f75ba86523043692fc220baa82/parent/pom.xml#L667,1
https://github.com/jooby-project/jooby/blob/9795b65ccea63c630592f0a320aca2000ca19a8b/pom.xml#L3253,1
https://github.com/psi-probe/psi-probe/blob/4c05958b1a8af0850360fc47deb8ccffa0fab4e0/pom.xml#L166,1
https://github.com/apache/incubator-plc4x/blob/2aff98fbdb96a0e05ed822c6a0ea86c6b33403ba/integrations/apache-camel/pom.xml#L48,1
https://github.com/jclouds/jclouds-labs/blob/6f6ef1f6cb858be3853fb4ff8d6dd11376cf1d1e/cloudsigma2-sjc/pom.xml#L28,1
https://github.com/wildfly/wildfly-core/blob/245593b472abf284bbeefb4f46c7170b7651e65d/core-galleon-pack/pom.xml#L94,1
https://github.com/wildfly/wildfly-core/blob/245593b472abf284bbeefb4f46c7170b7651e65d/core-feature-pack/pom.xml#L91,1
https://github.com/splicemachine/spliceengine/blob/5f892ef49b0a01156acec3c58e9bd7b87d9340af/pom.xml#L562,1
https://github.com/rhq-project/rhq/blob/868989acac74c193465e85df85ab452ebe150717/modules/enterprise/server/ear/pom.xml#L531,1
https://github.com/UnionVMS/UVMS-ExchangeModule-APP/blob/23db6ba1f504a52134fcfd14c488450186b87bfe/module/pom.xml#L26,1
https://github.com/google/guava/blob/0194a8d1e65a5dbd732fdde7253744887e8e35cf/guava/pom.xml#L102,1
https://github.com/Talend/components/blob/91e249947ad000bb48553f6a7209f32c000fad21/components/components-fileio/pom.xml#L18,1
https://github.com/ArpNetworking/metrics-portal/blob/b9655f83bf5a1352a61c993b0605353a20f7dbae/pom.xml#L426,1
https://github.com/Evolveum/midpoint/blob/1b8458236a479ac2b43406dd7d567ce9b43ee0c2/build-system/pom.xml#L411,1
https://github.com/broadgsa/gatk-protected/blob/aa8764d6c3de146856b174a8674fa787a6311d7c/protected/gatk-package-distribution/pom.xml#L54,1
https://github.com/eclipse/elk/blob/14f76ac18bfee19e8711a3d4d73e291953c612cf/plugins/org.eclipse.elk.alg.spore/pom.xml#L49,1
https://github.com/eclipse/elk/blob/14f76ac18bfee19e8711a3d4d73e291953c612cf/plugins/org.eclipse.elk.alg.graphviz.layouter/pom.xml#L47,1
https://github.com/CESNET/perun/blob/bc703d86a9eb5c72a37abe7d284eff3fefdf9517/pom.xml#L178,1
https://github.com/deegree/deegree3/blob/cfa58a4a6da1c4c3052bd0941432f6c457fd2f25/deegree-workspaces/deegree-workspace-utah/pom.xml#L40,1
https://github.com/jboss-fuse/fuse/blob/6b079bb4d90eacc08eb25327400c60c50c25880a/esb/esb-assembly/jboss-fuse-karaf/pom.xml#L317,1
https://github.com/apache/directory-server/blob/d154889347dca085632161a549d8e8cc7cc605ad/installers/pom.xml#L489,1
https://github.com/viatra/org.eclipse.viatra/blob/22f2350fe9951fcfb3ee32d90c31517d9d556953/query/tests/org.eclipse.viatra.query.patternlanguage.emf.tests/pom.xml#L17,1
https://github.com/Cooperate-Project/CooperateModelingEnvironment/blob/6355b979561f528b505cf28ff501c1652b32ea5d/tests/pom.xml#L35,1
https://github.com/apache/accumulo/blob/49fa5d65f051c4b1519dd525678d0f8c79839567/core/pom.xml#L353,1
https://github.com/atomix/atomix/blob/3a94b7c80576d762dd0d396d4645df07a0b37c31/pom.xml#L344,1
https://github.com/Yakindu/statecharts/blob/1f9366f49ef93f538c7af8fb41ac86780e6cb9c4/releng/org.yakindu.sct.releng/pom.xml#L223,1
https://github.com/adangel/pmd/blob/c4fafeeb62ce013aeadae6167d72597401f8e3a0/pmd-java8/pom.xml#L15,1
https://github.com/deeplearning4j/deeplearning4j/blob/0c286752ab1bd0de838967f85a0b2f502dac617f/deeplearning4j/deeplearning4j-ui-parent/deeplearning4j-ui-model/pom.xml#L89,1
https://github.com/easysoa/EasySOA/blob/8706aadb105fa1b80b4383aac6b87401ecb91fc7/easysoa-registry/nuxeo-ecm/pom.xml#L3121,1
https://github.com/apache/tomee/blob/68c5f3be89c9dd7707aab2efab2b3d197e45ee07/server/openejb-webservices/pom.xml#L37,1
https://github.com/fabric8io/kubernetes-client/blob/163977d0aec4428b7192a4e560da99937d0bc293/uberjar/pom.xml#L95,1
https://github.com/GoogleCloudPlatform/cloud-bigtable-client/blob/d0893816e5270cc3058f481cf4144e3a7519b14c/bigtable-dataflow-parent/bigtable-hbase-beam/pom.xml#L54,1
https://github.com/GoogleCloudPlatform/cloud-bigtable-client/blob/d0893816e5270cc3058f481cf4144e3a7519b14c/bigtable-hbase-2.x-parent/bigtable-hbase-2.x-hadoop/pom.xml#L49,1
https://github.com/apache/isis/blob/1ffa8a469642f1b78689fcc29e5b61eb23175d67/example/application/simpleapp/webapp/pom.xml#L176,1
https://github.com/codice/ddf-catalog/blob/868fbe2ae8497a30f4403abeebc1eee997eb9fa6/opensearch/catalog-opensearch-app/pom.xml#L65,1
https://github.com/codice/ddf-catalog/blob/868fbe2ae8497a30f4403abeebc1eee997eb9fa6/spatial/kml/spatial-kml-app/pom.xml#L65,1
https://github.com/codice/ddf-ui/blob/dbaf3e1c1abec4b0228db97e0913c8b97070d2c6/catalog/ui/catalog-ui-app/pom.xml#L98,1
https://github.com/nuxeo/nuxeo/blob/26635ab307f7b79e8a846387f4c7fb4bf7b20a58/nuxeo-features/nuxeo-platform-comment/nuxeo-platform-comment-web/pom.xml#L36,1
https://github.com/cloudera/Impala/blob/7de05fe3ae3281eaaa1d2b3f628ccd41788fd39e/thirdparty/hive-1.1.0-cdh5.17.0-SNAPSHOT/src/metastore/pom.xml#L73,1
https://github.com/ps3mediaserver/ps3mediaserver/blob/348ff78a17ab0a207b85ce7d73a468d852011fc4/pom.xml#L398,1
https://github.com/orfjackal/jumi/blob/18815c499b770f51cdb58cc6720dca4f254b2019/parent/pom.xml#L318,1
https://github.com/elexis/elexis-3-core/blob/1d96d4958472f0d01200dc29008e9fecc6827eb8/tests/ch.elexis.core.ui.tests/pom.xml#L27,1
https://github.com/iluwatar/java-design-patterns/blob/fedc2d9e47cb2b44aa4ea23aed9d117bbd4ed069/naked-objects/dom/pom.xml#L171,1
https://github.com/yegor256/netbout/blob/e709e0d5ddb2a8ed90e025f9885f085dc8e93ad1/netbout-web/pom.xml#L804,1
https://github.com/php-coder/mystamps/blob/1b92d3194ff541af339c9bd5116f4477b018d1e1/pom.xml#L787,1
https://github.com/druid-io/druid/blob/7c19c92a81d33a510cd93f9bd4a448334204982d/pom.xml#L1222,1
https://github.com/apache/incubator-systemml/blob/330635e7f42dcd0036b7d1b529be530607f4dc81/pom.xml#L414,1
https://github.com/apache/systemml/blob/330635e7f42dcd0036b7d1b529be530607f4dc81/pom.xml#L411,1
https://github.com/EBISPOT/goci/blob/0b7aa783a1e932df160b5a6f121af9e0afbd86e1/goci-interfaces/goci-curation/pom.xml#L61,1
https://github.com/bugvm/bugvm/blob/f599b26817c532b6722631c4863d33ef20ba8059/Lab/javacpp-presets/pom.xml#L247,1
https://github.com/wso2/product-esb/blob/4782c5cace12f2cc2b5a33c139c3716847c04dba/modules/p2-profile/pom.xml#L1151,1
https://github.com/societies/SOCIETIES-SCE-Services/blob/ea2ed1f6a96e253e297dd64fd5db643a0268f193/3rdPartyServices/EnterpriseServices/NZone/DummyBundle/pom.xml#L70,1
https://github.com/apromore/ApromoreCode/blob/02dbc18a85cdb25e24f8a26c0425de8aa275583e/Apromore-Plugins/plugin-editor/bprove/pom.xml#L58,1
https://github.com/apache/clerezza/blob/ab278b609cfe1fee9704abb563679ae952bcc47f/parent/pom.xml#L535,1
https://github.com/SumoLogic/epigraph/blob/c099be0802c683a02dd8651a3540288650f5449c/pom.xml#L687,1
https://github.com/xwiki/xwiki-commons/blob/651b843480bec9703885167921ce597de9352f52/pom.xml#L2252,1
https://github.com/ballerinalang/ballerina/blob/3fc0e271dc7c03ee902f6f10e8b0d9bd4f07fa54/misc/testerina/modules/testerina-core/pom.xml#L22,1
https://github.com/svn2github/ehcache/blob/4365fc6cc87516344e95688c368d6a3d2cebbe5a/branches/ehcache-server-0.6/server/pom.xml#L31,1
https://github.com/svn2github/ehcache/blob/4365fc6cc87516344e95688c368d6a3d2cebbe5a/tags/release-1.2rc1/pom.xml#L276,1
https://github.com/eclipse/eclipse.pde.ui/blob/d6cec608b28c96a927534cd18f1f8d1ba6a6b053/ui/org.eclipse.pde.ui.tests.smartimport/pom.xml#L40,1
https://github.com/zanata/zanata-platform/blob/68c80db891bc816f737fbfd1c77b6f68fb295143/common/zanata-common-util/pom.xml#L13,1
https://github.com/OSEHRA/ISAAC/blob/b4abff6686be95df430f3d00b60c6298d9f5f646/pom.xml#L714,1
https://github.com/FINRAOS/herd/blob/1ab429c89a05bc4eaf139d4ae9e40fa9b787dca0/herd-code/herd-dao/pom.xml#L113,1
https://github.com/bcdev/beam/blob/b0ae5798d66539c634f9c1e3277bf5317c9cd173/pom.xml#L933,1
https://github.com/jclouds/jclouds/blob/2fbf10c9c9940a8ba0865949b37f932bd0aa98aa/apis/openstack-keystone/pom.xml#L109,1
https://github.com/zalando-zmon/zmon-controller/blob/8e89d8abf740bec32905f7ae2f8b0e3de9451e62/zmon-common/pom.xml#L21,1
https://github.com/hibernate/hibernate-search/blob/b13dc7836e0391a0bc2989d436fdb07a6cad8245/legacy/elasticsearch-aws/pom.xml#L89,1
https://github.com/tidalwave-it/northernwind-src/blob/fc80eca75eeb4f4d1d5b12c166d9002def33b547/modules/Components/pom.xml#L14,1
https://github.com/eclipse/elk/blob/14f76ac18bfee19e8711a3d4d73e291953c612cf/plugins/org.eclipse.elk.alg.packing.rectangles/pom.xml#L62,1
https://github.com/eclipse/elk/blob/14f76ac18bfee19e8711a3d4d73e291953c612cf/plugins/org.eclipse.elk.conn.gmf/pom.xml#L51,1
https://github.com/confluentinc/kafka-rest/blob/f0647c35d36cc44369843c29df2178e55b667663/kafka-rest/pom.xml#L79,1
https://github.com/apache/incubator-brooklyn/blob/337a5d22d5e9c98cc96ea1085383cbed1ee0b741/brooklyn-dist/archetypes/quickstart/pom.xml#L157,1
https://github.com/tidalwave-it/northernwind-src/blob/fc80eca75eeb4f4d1d5b12c166d9002def33b547/modules/frontend/Commons/pom.xml#L48,1
https://github.com/ConSol/sakuli/blob/953aa0cb16c319e39b1f642b514aa261718ec68d/src/docs-manual/pom.xml#L109,1
https://github.com/metasfresh/metasfresh-webui/blob/63edbed7b9d07afed5795c21689c1f7cfbff7f79/pom.xml#L53,1
https://github.com/lkiesow/opencast/blob/07e6ff4d134d03eb0950eff2e8c57ca60cb56ccc/pom.xml#L377,1
https://github.com/metasfresh/metasfresh-webui/blob/63edbed7b9d07afed5795c21689c1f7cfbff7f79/pom.xml#L108,1
https://github.com/agilebirds/openflexo/blob/0250fc1061e7ae86c9d51a6f385878df915db20b/pom.xml#L22,1
https://github.com/wso2/carbon-mediation/blob/75d53af71bb96b9a52aee0acd061eff549d1b9f6/components/inbound-endpoints/org.wso2.carbon.inbound.endpoint.persistence/pom.xml#L55,1
https://github.com/agentsoz/bdi-abm-integration/blob/11ab808a59f83997b5d805090d65a71c7c8cfb16/examples/bushfire-tutorial/pom.xml#L112,1
https://github.com/opendaylight/bgpcep/blob/310f15691a6235382a40320faaca6e5a6e3a4484/bgp/concepts/pom.xml#L44,1
https://github.com/opendaylight/bgpcep/blob/310f15691a6235382a40320faaca6e5a6e3a4484/bgp/concepts/pom.xml#L74,1
https://github.com/opendaylight/bgpcep/blob/310f15691a6235382a40320faaca6e5a6e3a4484/concepts/pom.xml#L56,1
https://github.com/holodeck-b2b/Holodeck-B2B/blob/b8c01749814159d365cfed2cdaa2920a81b4fc55/modules/holodeckb2b-common/pom.xml#L86,1
https://github.com/mff-uk/ODCS/blob/21daa73da97f5f3f46165837b9172ff3360e8338/frontend/pom.xml#L201,1
https://github.com/GoogleCloudPlatform/community/blob/b560891c68355896215808a68eb9a70670efb29a/tutorials/cloud-iot-coap-proxy/coap-dtls-client/pom.xml#L12,1
https://github.com/apache/camel/blob/32e7f9251f0329caf86aaff8abf7c06b5b32b3f8/parent/pom.xml#L650,1
https://github.com/geoadmin/geocat/blob/a6e7cb0d7974e7dda6ba0bbdf4876e0594a92acc/web-client/pom.xml#L27,1
https://github.com/apache/oodt/blob/bc82180d264bbbfa3a36056d237aab732c8ed9b8/core/pom.xml#L698,1
https://github.com/apache/maven-plugins/blob/a007e769ed5825774d5c31ec06c0013c8ee2b4d4/maven-project-info-reports-plugin/pom.xml#L444,1
https://github.com/ansell/openrdf-sesame/blob/fdf723d99ccdbdf0104e92c6a6433a8fbfe59750/core/queryalgebra/evaluation/pom.xml#L32,1
https://github.com/opendaylight/mdsal/blob/2188563bd18dccb50bbbfa13235ca4955c7eb7dc/model/ietf/pom.xml#L110,1
https://github.com/opendaylight/odlparent/blob/f6962f0eecba4d0626d55c0bfc3cb9bfface70df/odlparent/pom.xml#L1261,1
https://github.com/opendaylight/mdsal/blob/2188563bd18dccb50bbbfa13235ca4955c7eb7dc/trace/mdsal-trace-impl/pom.xml#L29,1
https://github.com/SonarSource/sonar-php/blob/31a362af3bb58b160b4f485d743a785ce531bc86/php-frontend/pom.xml#L65,1
https://github.com/NoodlePartners/sakai_work/blob/7c0298c9d1a7e2523750a2ec638d6e772c79475a/basiclti/basiclti-tool/pom.xml#L22,1
https://github.com/jooby-project/jooby/blob/9795b65ccea63c630592f0a320aca2000ca19a8b/modules/coverage-report/pom.xml#L25,1
https://github.com/yacy/yacy_search_server/blob/5a3d5cb92cfeb3ada006ff5c12238d5f7be0b9c2/libbuild/pom.xml#L22,1
https://github.com/broadgsa/gatk-protected/blob/aa8764d6c3de146856b174a8674fa787a6311d7c/pom.xml#L460,1
https://github.com/apache/openwebbeans/blob/f5459470efc351742a9630c2d1c43206694c0760/samples/pom.xml#L73,1
https://github.com/droolsjbpm/drools/blob/40087a4eb79a10847c18f6ad95976117c6ecba95/drools-core/pom.xml#L279,1
https://github.com/droolsjbpm/drools/blob/40087a4eb79a10847c18f6ad95976117c6ecba95/drools-compiler/pom.xml#L215,1
https://github.com/hibernate/hibernate-search/blob/b13dc7836e0391a0bc2989d436fdb07a6cad8245/legacy/integrationtest/elasticsearch/pom.xml#L264,1
https://github.com/zalando/zmon-controller/blob/8e89d8abf740bec32905f7ae2f8b0e3de9451e62/zmon-controller-app/pom.xml#L20,1
https://github.com/codeabovelab/haven-platform/blob/bd450c31531ec2eace9d261daf52a65bdd09167d/pom.xml#L339,1
https://github.com/jbosstm/narayana/blob/87bed75b4a3d3dacfdc7bd7f625faeccc0e5b833/ArjunaJTS/idl/idlj/idlj.java.corba/pom.xml#L83,1
https://github.com/streamsets/datacollector/blob/934d297dada2ea3dfbbe3f2c804ccc98485db146/mapr_5_2-lib/pom.xml#L368,1
https://github.com/keycloak/keycloak/blob/e5092bb6179061c4b300cc1e56625bfba8b923e2/testsuite/integration-arquillian/servers/app-server/undertow/pom.xml#L66,1
https://github.com/apache/kylin/blob/f0cfdf537e1b5a57cf15fc1204e9294367fb7e5f/kylin-it/pom.xml#L54,1
https://github.com/apache/kylin/blob/f0cfdf537e1b5a57cf15fc1204e9294367fb7e5f/query/pom.xml#L45,1
https://github.com/rabbitmq/rabbitmq-java-client/blob/172cac87ac4504409fe788b27e88bff839e343ce/pom.xml#L170,1
https://github.com/proofpoint/platform/blob/1f2495f87a09949ada17541c843449a68ecbcad9/jaxrs/pom.xml#L152,1
https://github.com/proofpoint/platform/blob/1f2495f87a09949ada17541c843449a68ecbcad9/library/pom.xml#L919,1
https://github.com/GoogleCloudPlatform/cloud-bigtable-client/blob/d0893816e5270cc3058f481cf4144e3a7519b14c/bigtable-dataflow-parent/pom.xml#L53,1
https://github.com/wso2/product-greg/blob/2ed74d2357882ac55b15ed4df654dc69de2cb554/modules/distribution/pom.xml#L430,1
https://github.com/svn2github/cytoscape/blob/a3df8f63dba4ec49942027c91ecac6efa920c195/core3/gui-distribution/branches/blueprint/startlevel-3/pom.xml#L104,1
https://github.com/svn2github/cytoscape/blob/a3df8f63dba4ec49942027c91ecac6efa920c195/core3/gui-distribution/tags/gui-distribution-3.0.0-M3/startlevel-3/pom.xml#L104,1
https://github.com/querydsl/querydsl/blob/2bf234caf78549813a1e0f44d9c30ecc5ef734e3/querydsl-sql/pom.xml#L73,1
https://github.com/bergerhealer/BKCommonLib/blob/7ea2b82ba58fabbc4857f7e9c2c765698a0fbf80/pom.xml#L211,1
https://github.com/apache/logging-log4j2/blob/efe06ddfaf7d3b5a2659be6b9f1af4b9a5a3bc95/log4j-osgi/pom.xml#L151,1
https://github.com/apache/logging-log4j2/blob/efe06ddfaf7d3b5a2659be6b9f1af4b9a5a3bc95/log4j-layout-jackson-xml/pom.xml#L117,1
https://github.com/GoogleCloudPlatform/cloud-bigtable-client/blob/d0893816e5270cc3058f481cf4144e3a7519b14c/bigtable-hbase-2.x-parent/bigtable-hbase-2.x-shaded/pom.xml#L170,1
https://github.com/zalando/riptide/blob/92fc3f71b3d41d3b938bdc9ef90c774b41981121/pom.xml#L617,1
https://github.com/openzipkin/brave/blob/a3de48060298adce5d9def311b5191d661b616d8/pom.xml#L77,1
https://github.com/winder/Universal-G-Code-Sender/blob/7d14aee62fdedf21681b311b476c18cd4296c169/pom.xml#L210,1
https://github.com/openimaj/openimaj/blob/908cfda5a0eaaf6c4cbb31e2bb170b12c54f0c92/web/core-web/pom.xml#L75,1
https://github.com/apache/isis/blob/1ffa8a469642f1b78689fcc29e5b61eb23175d67/core/pom.xml#L926,1
https://github.com/vaadin/testbench/blob/95e045a3702d4603c0417d51f92495c6be212b62/vaadin-testbench-integration-tests/pom.xml#L81,1
https://github.com/GluuFederation/oxd/blob/fe43d556cc547cb62bdcd2c919c192a48872c942/oxd-client/pom.xml#L105,1
https://github.com/druid-io/druid/blob/7c19c92a81d33a510cd93f9bd4a448334204982d/extensions-core/protobuf-extensions/pom.xml#L123,1
https://github.com/joyent/java-manta/blob/e2010fa208505a472554602b4191791bbf6c0129/java-manta-it/pom.xml#L207,1
https://github.com/mulesoft/apikit/blob/b4aafa86c28e30a69e08ac4d11e2c10eb8834617/mule-apikit-module/pom.xml#L100,1
https://github.com/mulesoft/apikit/blob/b4aafa86c28e30a69e08ac4d11e2c10eb8834617/pom.xml#L144,1
https://github.com/mulesoft/apikit/blob/b4aafa86c28e30a69e08ac4d11e2c10eb8834617/parser-wrapper/interface-impl-v2/pom.xml#L46,1
https://github.com/metasfresh/metasfresh/blob/c9c167b1efce159b6cceb720cfb0b186debcdda2/pom.xml#L22,1
https://github.com/apache/ambari/blob/9236f4ab966f40d93e27c44f9078bb204a6c591a/contrib/views/files/pom.xml#L197,1
https://github.com/apache/ambari/blob/9236f4ab966f40d93e27c44f9078bb204a6c591a/ambari-funtest/pom.xml#L44,1
https://github.com/enioka/jqm/blob/391733b8e291404b97c714c3727a241c4a861f98/jqm-all/pom.xml#L349,1
https://github.com/SpoonLabs/astor/blob/3dad7e7e87b4a183647910a82420d6fd5529515d/examples/math_0c1e6fb/pom.xml#L401,1
https://github.com/undertow-io/undertow/blob/e1570ea9935c052a3be913485723bae0337d4680/pom.xml#L486,1
https://github.com/beeverycreative/beethefirst-software/blob/3a4c70ae3d5a9003197d14e68c357dcaa6870e8f/beesoft-app/beesoft-usb/pom.xml#L336,1
https://github.com/jboss-integration/fuse-bxms-integ/blob/ca5c012bf867ea15d1250f0991af3cd7e708aaaf/release/karaf/itests/camel/camel-itests/pom.xml#L156,1
https://github.com/apromore/ApromoreCode/blob/02dbc18a85cdb25e24f8a26c0425de8aa275583e/Apromore-Custom-Plugins/ProDrift-Logic/pom.xml#L46,1
https://github.com/errai/errai/blob/86b87d2be8363df13cdf076600acd33f54b8f3dd/errai-cdi/errai-cdi-server/pom.xml#L252,1
https://github.com/Sotera/graphene/blob/3a17829f312ffe08b3c0a20232c28d6cfdfa9296/graphene-parent/graphene-archetype/src/main/resources/archetype-resources/pom.xml#L339,1
https://github.com/apache/deltaspike/blob/8ed131eac40d598ba630ec9aba77569551a2db5c/pom.xml#L72,1
https://github.com/exoplatform/jcr/blob/3e7f9ee1b5683640d73a4316fb4b0ad5eac5b8a2/applications/exo.jcr.applications.browser/pom.xml#L80,1
https://github.com/gatein/gatein-portal/blob/e30cc11406d0b2b98b6e82ae9245cdd5d499f68e/web/rest/pom.xml#L48,1
https://github.com/cloudera/Impala/blob/7de05fe3ae3281eaaa1d2b3f628ccd41788fd39e/impala-parent/pom.xml#L139,1
https://github.com/dke-knu/i2am/blob/cbd280e1b7313634a52b36308af97c599fd942e4/rdma-based-storm/external/flux/pom.xml#L52,1
https://github.com/aic-sri-international/aic-expresso/blob/01b0bbc33c2ad37fea12a645cbc6105abc7e5352/pom.xml#L281,1
https://github.com/bonitasoft/bonita-engine/blob/12acdcd0bfb0f4e78594a53f97d8acbb3a8ce832/bpm/bonita-api/bonita-common-api-impl/pom.xml#L58,1
https://github.com/apache/incubator-brooklyn/blob/337a5d22d5e9c98cc96ea1085383cbed1ee0b741/brooklyn-server/utils/rest-swagger/pom.xml#L142,1
https://github.com/wildfly-swarm/wildfly-swarm/blob/a8b09d7fb338225e9f51ef49eed0977e8960be01/testsuite/microprofile-tcks/config/pom.xml#L108,1
https://github.com/apache/tika/blob/8e6cf38407e72c9f254aa923b47eff61f10a7c75/tika-app/pom.xml#L132,1
https://github.com/IKANOW/Aleph2-contrib/blob/7aefd95ec6ee3e18dc3a91dbca4a4f938b22e477/aleph2_analytic_services_spark/pom.xml#L370,1
https://github.com/SharedKnowledge/SharkFW/blob/c189c950b9aa41fd9e34efaef4aa08974d47af9e/pom.xml#L43,1
https://github.com/droolsjbpm/droolsjbpm-integration/blob/95d94b634166f10e60c58f097989f90da290e272/kie-osgi/kie-karaf-itests/pom.xml#L306,1
https://github.com/capedwarf/capedwarf-blue/blob/a1f04e0eaee578a4b39857cd6a86a2df096de7d1/pom.xml#L1237,1
https://github.com/mulesoft/apikit/blob/b4aafa86c28e30a69e08ac4d11e2c10eb8834617/mule-apikit-module/pom.xml#L46,1
https://github.com/OpenRock/OpenAM/blob/02b057e94c4ab35c0776747e173f59ee7c6d09f8/openam-authentication/openam-auth-device-id/pom.xml#L59,1
https://github.com/OpenRock/OpenAM/blob/02b057e94c4ab35c0776747e173f59ee7c6d09f8/openam-authentication/openam-auth-httpbasic/pom.xml#L68,1
https://github.com/OpenRock/OpenAM/blob/02b057e94c4ab35c0776747e173f59ee7c6d09f8/openam-plugins/openam-auth-postauthentication/pom.xml#L69,1
https://github.com/OpenRock/OpenAM/blob/02b057e94c4ab35c0776747e173f59ee7c6d09f8/openam-authentication/openam-auth-ad/pom.xml#L68,1
https://github.com/CubeEngine/modules-extra/blob/f46207455a7ec0714e4966a563c74b28bb070e47/vigil/pom.xml#L51,1
https://github.com/codice/ddf-ui/blob/dbaf3e1c1abec4b0228db97e0913c8b97070d2c6/catalog/transformer/catalog-transformer-pptx/pom.xml#L185,1
https://github.com/apache/drill/blob/494c2060a385408f27185949e6899a9017b6b7ff/exec/jdbc-all/pom.xml#L606,1
https://github.com/wildfly/wildfly-core/blob/245593b472abf284bbeefb4f46c7170b7651e65d/pom.xml#L163,1
https://github.com/wildfly/wildfly-core/blob/245593b472abf284bbeefb4f46c7170b7651e65d/elytron/pom.xml#L165,1
https://github.com/yahoo/omid/blob/7d3ad63ef48ab1738e05889bbf30db190f1c0e56/benchmarks/pom.xml#L96,1
https://github.com/droolsjbpm/droolsjbpm-integration/blob/95d94b634166f10e60c58f097989f90da290e272/kie-server-parent/kie-server-wars/kie-server/pom.xml#L182,1
https://github.com/Evolveum/midpoint/blob/1b8458236a479ac2b43406dd7d567ce9b43ee0c2/pom.xml#L224,1
https://github.com/apache/flume/blob/7d3396f26dc1541e9d2a540d50d15a15c38acb74/flume-ng-channels/flume-jdbc-channel/pom.xml#L34,1
https://github.com/spring-projects/spring-data-gemfire/blob/1ebe33c26d3afc87d6e01de6a3dc39139ce5f4fd/pom.xml#L308,1
https://github.com/swagger-api/swagger-core/blob/a1da8b576dd7dfdfa7b3ecbacbb18ee36e998599/modules/swagger-core/pom.xml#L145,1
https://github.com/JnRouvignac/AutoRefactor/blob/65a5da91d76d4aa7a80f1f1ce03b7c7d9b37b665/pom.xml#L145,1
https://github.com/opendaylight/lispflowmapping/blob/3c73defbc882b42de41b43ac2a3b35592e216157/commons/parent/pom.xml#L220,1
https://github.com/apache/airavata/blob/00758576a78215f3b51e3764b96ab7c14ef13966/modules/workflow-model/workflow-engine/pom.xml#L271,1
https://github.com/inbloom/secure-data-service/blob/9aee3b965493a9b2a90d6a3b6502ce8aacc66f77/sli/pom.xml#L1608,1
https://github.com/codice/ddf/blob/6abc58070c3ce38761070f4ef06c509dd584555e/catalog/transformer/catalog-transformer-pptx/pom.xml#L99,1
https://github.com/apache/mahout/blob/847d35957e8f99564497fbe8a8a92bb9dd68754c/core/pom.xml#L109,1
https://github.com/project-ncl/pnc/blob/789e72371217a74f9460a2a3db149e98911a2ea6/demo-data/pom.xml#L74,1
https://github.com/project-ncl/pnc/blob/789e72371217a74f9460a2a3db149e98911a2ea6/pnc-mock/pom.xml#L72,1
https://github.com/resteasy/Resteasy/blob/63862e7e5b109d56227a9450fd1dc209cc926597/resteasy-upgrade-guide/pom.xml#L103,1
https://github.com/wso2/carbon-deployment/blob/00833b64588e114beb6d758e8107fac2c4acaab0/components/org.wso2.carbon.deployment.notifier/pom.xml#L174,1
https://github.com/hasithaa/ballerina/blob/78873d69a8e0bd85b46d9b36bcaf2a43716b5f84/compiler/ballerina-lang/pom.xml#L45,1
https://github.com/aws/aws-sdk-java-v2/blob/5c032e310760d831c24f61d64f2edb143b0121dc/test/module-path-tests/pom.xml#L53,1
https://github.com/OpenRock/OpenIDM/blob/f469cad18932786e1db610d6134f90b9002181c4/openidm-infoservice/pom.xml#L65,1
https://github.com/zanata/zanata-platform/blob/68c80db891bc816f737fbfd1c77b6f68fb295143/parent/pom.xml#L540,1
https://github.com/apache/cxf/blob/0936250520e2524952c20f23852b9f73e0b15c10/distribution/src/main/release/samples/jax_rs/websocket/pom.xml#L33,1
https://github.com/wildfly/wildfly/blob/d550882eb6d677947a356d8a911061b15dc1a60e/pom.xml#L774,1
https://github.com/apache/maven-plugins/blob/a007e769ed5825774d5c31ec06c0013c8ee2b4d4/maven-site-plugin/src/it/inheritance-interpolation/repo-parent/pom.xml#L70,1
https://github.com/apache/deltaspike/blob/8ed131eac40d598ba630ec9aba77569551a2db5c/deltaspike/modules/jsf/impl-ee6/pom.xml#L33,1
https://github.com/droolsjbpm/droolsjbpm-integration/blob/95d94b634166f10e60c58f097989f90da290e272/kie-server-parent/kie-server-remote/kie-server-rest/kie-server-rest-dmn/pom.xml#L33,1
https://github.com/infinispan/infinispan/blob/a429694a98d931ef5e6b6b76e5016a1e91b008c9/build-configuration/bom/pom.xml#L204,1
https://github.com/SonarQubeCommunity/sonar-lua/blob/eb86065c76aca8dcd93a3bd1323d4a5e30a328a9/sslr-lua-toolkit/pom.xml#L58,1
https://github.com/querydsl/querydsl/blob/2bf234caf78549813a1e0f44d9c30ecc5ef734e3/querydsl-jdo/pom.xml#L277,1
https://github.com/wso2/carbon-mediation/blob/75d53af71bb96b9a52aee0acd061eff549d1b9f6/pom.xml#L1846,1
https://github.com/droolsjbpm/droolsjbpm-integration/blob/95d94b634166f10e60c58f097989f90da290e272/kie-osgi/kie-karaf-features/pom.xml#L23,1
https://github.com/jbossws/jbossws-cxf/blob/fbdbe55e6ff686cad85be6552e1139efb87645f8/pom.xml#L1009,1
https://github.com/OpenRock/OpenIDM/blob/f469cad18932786e1db610d6134f90b9002181c4/openidm-zip/pom.xml#L616,1
https://github.com/dsukhoroslov/bagri/blob/3d3527ab6e960645417e047fd9f1767bc664ad26/pom.xml#L516,1
https://github.com/jtmelton/appsensor/blob/c3b4e9ada50fdee974e0d618ec4bdfabc2163798/sample-apps/appsensor-ws-rest-server-with-websocket-boot-rules/pom.xml#L95,1
https://github.com/wso2/carbon-uuf/blob/cdea864e9a02d830aedceb8e6dc661470a7152a6/samples/apps/org.wso2.carbon.uuf.sample.features-app.app/pom.xml#L23,1
https://github.com/OpenNMS/opennms/blob/4169b853e56d7620a03e7ea3dce9aae1779ff360/opennms-webapp/pom.xml#L230,1
https://github.com/SAP/openui5/blob/15671a82b3183d7f9bcc3de141809fdaebd039d4/pom.xml#L86,1
https://github.com/hpe-idol/find/blob/80d5549986de6b09b04a41be1866c5cffa889574/webapp/selenium-tests/integration-tests/pom.xml#L30,1
https://github.com/MyRobotLab/myrobotlab/blob/00ca2dbabfffb38a817f3c2899f9eaec3a6c4b9b/pom.xml#L1522,1
https://github.com/metawidget/metawidget/blob/1369ff52704af295f4ae43b776f2dc54f23ac7c1/examples/java/android/addressbook/application-it/pom.xml#L76,1
https://github.com/apache/stanbol/blob/2fcf471b467fb84e59491f4c54ba0a95924ab04a/data/opennlp/lang/da/pom.xml#L104,1
https://github.com/apache/stanbol/blob/2fcf471b467fb84e59491f4c54ba0a95924ab04a/data/opennlp/ner/nl/pom.xml#L105,1
https://github.com/apache/stanbol/blob/2fcf471b467fb84e59491f4c54ba0a95924ab04a/data/opennlp/lang/en/pom.xml#L104,1
https://github.com/camunda/camunda-bpm-platform/blob/7aa0c6008939ff9c66c40cbdf60e4897a00b8a02/qa/test-db-instance-migration/test-fixture-74/pom.xml#L158,1
https://github.com/jooby-project/jooby/blob/9795b65ccea63c630592f0a320aca2000ca19a8b/modules/jooby-assets-nodejs/pom.xml#L84,1
https://github.com/Drombler/drombler-commons/blob/8df31900f2112b3788bc4622cfaf040821a69018/drombler-commons-security-srp-client/pom.xml#L89,1
https://github.com/epam/Indigo/blob/9c61358a065a6d0e81c4027140fd5fdff8792f8a/bingo/lucene/demo/webservice/pom.xml#L152,1
https://github.com/xwiki/xwiki-platform/blob/c4b95794f35f6ffc3c9cf18454a0a292c51645db/xwiki-platform-core/xwiki-platform-administration/xwiki-platform-administration-test/xwiki-platform-administration-test-docker/pom.xml#L33,1
https://github.com/xwiki/xwiki-platform/blob/c4b95794f35f6ffc3c9cf18454a0a292c51645db/xwiki-platform-core/xwiki-platform-messagestream/xwiki-platform-messagestream-test/xwiki-platform-messagestream-test-tests/pom.xml#L33,1
https://github.com/xwiki/xwiki-platform/blob/c4b95794f35f6ffc3c9cf18454a0a292c51645db/xwiki-platform-core/xwiki-platform-administration/xwiki-platform-administration-test/xwiki-platform-administration-test-tests/pom.xml#L33,1
https://github.com/mulesoft/mule/blob/9218c887a15bc45fa28e3358587c9bd87a23b679/tests/test-policies/pom.xml#L39,1
https://github.com/mulesoft/mule/blob/9218c887a15bc45fa28e3358587c9bd87a23b679/modules/extensions-spring-support/pom.xml#L333,1
https://github.com/predix/acs/blob/5fa282afac6ec7f6acd28aa091cf5246185be222/service/pom.xml#L599,1
https://github.com/FINRAOS/herd/blob/1ab429c89a05bc4eaf139d4ae9e40fa9b787dca0/herd-build/herd-docs/herd-docs-javadoc/pom.xml#L373,1
https://github.com/HubSpot/Singularity/blob/d332fc30d9ea6ef9db345b9ec75b9bc28209710d/SingularityService/pom.xml#L493,1
https://github.com/broadgsa/gatk/blob/41147a655594c2aae6e2cad8462bd1648570b32b/public/gatk-root/pom.xml#L491,1
https://github.com/broadgsa/gatk/blob/41147a655594c2aae6e2cad8462bd1648570b32b/pom.xml#L703,1
https://github.com/SpagoBILabs/SpagoBI/blob/84bb859516da7ffdb34fbe2ef352f08a3f402af3/spagobi-parent/pom.xml#L592,1
https://github.com/xwiki/xwiki-platform/blob/c4b95794f35f6ffc3c9cf18454a0a292c51645db/xwiki-platform-core/xwiki-platform-flamingo/xwiki-platform-flamingo-themes/xwiki-platform-flamingo-theme-test/xwiki-platform-flamingo-theme-test-tests/pom.xml#L37,1
https://github.com/xwiki/xwiki-platform/blob/c4b95794f35f6ffc3c9cf18454a0a292c51645db/xwiki-platform-core/xwiki-platform-annotation/xwiki-platform-annotation-core/pom.xml#L36,1
https://github.com/xwiki/xwiki-platform/blob/c4b95794f35f6ffc3c9cf18454a0a292c51645db/xwiki-platform-core/xwiki-platform-messagestream/xwiki-platform-messagestream-api/pom.xml#L38,1
https://github.com/xwiki/xwiki-platform/blob/c4b95794f35f6ffc3c9cf18454a0a292c51645db/xwiki-platform-core/xwiki-platform-administration/xwiki-platform-administration-test/xwiki-platform-administration-test-tests/pom.xml#L110,1
https://github.com/vespa-engine/vespa/blob/e79b895c0910a577b84189c6e8afb368fd378312/parent/pom.xml#L160,1
https://github.com/vespa-engine/vespa/blob/e79b895c0910a577b84189c6e8afb368fd378312/parent/pom.xml#L86,1
https://github.com/OpenGrok/OpenGrok/blob/9ce52a219b9e5772102d1fdfcfd7c3c672a332b4/opengrok-indexer/pom.xml#L94,1
https://github.com/droolsjbpm/kie-wb-common/blob/6c75bc7120c626b6385d3c20e7f2f6b56e794ae7/kie-wb-common-stunner/kie-wb-common-stunner-sets/kie-wb-common-stunner-case-mgmt/kie-wb-common-stunner-case-mgmt-backend/pom.xml#L260,1
https://github.com/kiegroup/kie-wb-common/blob/6c75bc7120c626b6385d3c20e7f2f6b56e794ae7/kie-wb-common-dmn/kie-wb-common-dmn-backend/pom.xml#L233,1
https://github.com/apache/directory-studio/blob/e8f15ea553a3ae7bebc2fe96d6a2864e188f8017/tests/test.integration.ui/pom.xml#L122,1
https://github.com/broadgsa/gatk/blob/41147a655594c2aae6e2cad8462bd1648570b32b/pom.xml#L687,1
https://github.com/EBISPOT/goci/blob/0b7aa783a1e932df160b5a6f121af9e0afbd86e1/goci-parent/pom.xml#L214,1
https://github.com/apache/jackrabbit-oak/blob/dc6745c6b29c7723ab7cbaa668a03192a9e918e2/oak-lucene/pom.xml#L106,1
https://github.com/geosdi/geo-platform/blob/613a9fbc1b19137fed322730fce192359af20870/geoplatform-gui/core/geoplatform-widget/notification-widget/pom.xml#L171,1
https://github.com/geosdi/geo-platform/blob/613a9fbc1b19137fed322730fce192359af20870/geoplatform-gui/extensions/gp-wfst-widget/pom.xml#L206,1
https://github.com/geosdi/geo-platform/blob/613a9fbc1b19137fed322730fce192359af20870/geoplatform-gui/plugin/geoplatform-print/pom.xml#L202,1
https://github.com/project-ncl/pnc/blob/789e72371217a74f9460a2a3db149e98911a2ea6/ear-package/pom.xml#L157,1
https://github.com/EvoSuite/evosuite/blob/1895b6d2da4f5709d4b543a86391be3593362a2c/master/pom.xml#L46,1
https://github.com/opendaylight/aaa/blob/66f05319164c2b6642df1a4dcdfecfe0980dc6ca/aaa-shiro/impl/pom.xml#L192,1
https://github.com/CCI-MIT/XCoLab/blob/b83e9e612081b97e2cd53d70e7655a140abc14ff/microservices/services/members-service/pom.xml#L79,1
https://github.com/photon-infotech/framework/blob/015052c53362ff279fae44dd67cc86586f62ee26/phresco-framework-web/pom.xml#L496,1
https://github.com/aws/aws-sdk-java-v2/blob/5c032e310760d831c24f61d64f2edb143b0121dc/pom.xml#L675,1
https://github.com/unitsofmeasurement/unit-api/blob/46b22570905380c6389b5113b45dc9ab90ac01b6/pom.xml#L422,1
https://github.com/xwiki/xwiki-platform/blob/c4b95794f35f6ffc3c9cf18454a0a292c51645db/xwiki-platform-core/xwiki-platform-url/xwiki-platform-url-api/pom.xml#L50,1
https://github.com/sgothel/jogl/blob/ca7f0fb61b0a608b6e684a5bbde71f6ecb6e3fe0/make/pom.xml#L22,1
https://github.com/vauvenal5/pieShare/blob/be186100f376a1034d1a2b4cdc2e307c1e234dc1/pom.xml#L38,1
https://github.com/apache/zeppelin/blob/8fa534343beccb797f9f1850ec43673ac830b73e/pom.xml#L548,1
https://github.com/google/guice/blob/81af4ad5ce1c2b28b0617747eca76367addbcb4e/pom.xml#L396,1
https://github.com/google/truth/blob/e7deeea19d632af076fb7895b2f4117d01706d89/core/pom.xml#L113,1
https://github.com/google/guava/blob/0194a8d1e65a5dbd732fdde7253744887e8e35cf/guava/pom.xml#L50,1
https://github.com/google/truth/blob/e7deeea19d632af076fb7895b2f4117d01706d89/pom.xml#L122,1
https://github.com/mulesoft/mule/blob/9218c887a15bc45fa28e3358587c9bd87a23b679/modules/extensions-xml-support/pom.xml#L40,1
https://github.com/thymeleaf/thymeleaf-tests/blob/e52f8cc2e3818e39ef39c6db8fb5dd4d5c714281/pom.xml#L203,1
https://github.com/bonitasoft/bonita-distrib/blob/989370c43e17d8fa88993808c053fd763358399e/pom.xml#L8,1
https://github.com/scoophealth/oscar/blob/5a490720b32c6533925f5e7c3a1b85ffa945fe29/pom.xml#L1500,1
https://github.com/apache/logging-log4j2/blob/efe06ddfaf7d3b5a2659be6b9f1af4b9a5a3bc95/log4j-mongodb3/pom.xml#L96,1
https://github.com/eclipse/elk/blob/14f76ac18bfee19e8711a3d4d73e291953c612cf/plugins/org.eclipse.elk.alg.mrtree/pom.xml#L42,1
https://github.com/pcdavid/org.eclipse.sirius/blob/8fc5dd8eb86b66f285c7e6b7d7390e884dd00b0b/packaging/org.eclipse.sirius.server.product/pom.xml#L67,1
https://github.com/franca/franca/blob/5dd5c4b5c3ceba75e786c0bb59fdb85bb2494d39/plugins/org.franca.help/pom.xml#L38,1
https://github.com/zanata/zanata-platform/blob/68c80db891bc816f737fbfd1c77b6f68fb295143/server/zanata-model/pom.xml#L221,1
https://github.com/infinispan/infinispan/blob/a429694a98d931ef5e6b6b76e5016a1e91b008c9/server/core/pom.xml#L35,1
https://github.com/consulo/consulo/blob/51baf88217ed5f657ead68bf7db436df369f3b9e/modules/base/util-rt/pom.xml#L40,1
https://github.com/consulo/consulo/blob/51baf88217ed5f657ead68bf7db436df369f3b9e/pom.xml#L148,1
https://github.com/consulo/consulo/blob/51baf88217ed5f657ead68bf7db436df369f3b9e/pom.xml#L169,1
https://github.com/consulo/consulo/blob/51baf88217ed5f657ead68bf7db436df369f3b9e/modules/base/xcoverage-data/pom.xml#L55,1
https://github.com/vavr-io/vavr/blob/cdce0c463b208c43c830edfa11a298552f1ce477/pom.xml#L260,1
https://github.com/javaslang/javaslang/blob/cdce0c463b208c43c830edfa11a298552f1ce477/pom.xml#L260,1
https://github.com/nuxeo/nuxeo/blob/26635ab307f7b79e8a846387f4c7fb4bf7b20a58/pom.xml#L3549,1
https://github.com/geworkbench-group/geworkbench-web/blob/fc356fe5c93ee111610c976d78b95cb8da67705b/pom.xml#L118,1
https://github.com/wildfly/wildfly-core/blob/245593b472abf284bbeefb4f46c7170b7651e65d/testsuite/manualmode/pom.xml#L187,1
https://github.com/netty/netty/blob/6248b2492bcc27ac36bd019116971e9d8414be04/pom.xml#L1315,1
https://github.com/SINTEF-9012/ThingML/blob/7db8763a6ab0be99eb570eb915ef9b64e43ec3fa/language/thingml/pom.xml#L88,1
https://github.com/jacoco/jacoco/blob/d3c47652b89267709aae04bec66a68bdf6df9670/org.jacoco.build/pom.xml#L366,1
https://github.com/jacoco/jacoco/blob/d3c47652b89267709aae04bec66a68bdf6df9670/org.jacoco.build/pom.xml#L399,1
https://github.com/codice/ddf-catalog/blob/868fbe2ae8497a30f4403abeebc1eee997eb9fa6/solr/solr-app/pom.xml#L64,1
https://github.com/codice/ddf-platform/blob/1af63d285a633c185d2a629eaea8ae37deccfd2d/admin/admin-app/pom.xml#L64,1
https://github.com/apache/camel/blob/32e7f9251f0329caf86aaff8abf7c06b5b32b3f8/components/camel-blueprint/pom.xml#L523,1
https://github.com/CenterForOpenScience/cas-overlay/blob/d7da3ad17e610e2454565907f1bc142bb04746b4/pom.xml#L660,1
https://github.com/apache/deltaspike/blob/8ed131eac40d598ba630ec9aba77569551a2db5c/deltaspike/parent/code/pom.xml#L257,1
https://github.com/FTSRG/incqueryd/blob/8f69cc0f60a9bbba3d0011eaaea55b5e2b6d8a79/hu.bme.mit.incqueryd.runtime/pom.xml#L53,1
https://github.com/FTSRG/incqueryd/blob/8f69cc0f60a9bbba3d0011eaaea55b5e2b6d8a79/hu.bme.mit.incqueryd.client/hu.bme.mit.incqueryd.engine/pom.xml#L28,1
https://github.com/NumberFour/n4js/blob/b508b8b8d2321164d1b3f5a3d0b563af8f6facf6/tests/pom.xml#L418,1
https://github.com/easysoa/EasySOA/blob/8706aadb105fa1b80b4383aac6b87401ecb91fc7/pom.xml#L497,1
https://github.com/autocomple/autocomple-widget/blob/d0d0df62ac9667d64c918fb70f9ff09d1b047d5c/widget-server/pom.xml#L74,1
https://github.com/orfjackal/jumi/blob/18815c499b770f51cdb58cc6720dca4f254b2019/parent/pom.xml#L437,1
https://github.com/threerings/clyde/blob/98b8b7484083641f3bf8c2b64414842e098f1a0b/pom.xml#L66,1
https://github.com/Desy-extern/cs-studio/blob/56c6142b233fb3571dc7ab5ab8cc3b9f0b22ee00/core/plugins/org.csstudio.platform.libs.hibernate/project/core/pom.xml#L47,1
